id,ff_hidden,rnn_hidden,ff_layers,rnn_layers,lr
1,16,16,2,2,-4
2,16,16,2,2,-3
3,16,16,2,2,-2
4,16,16,2,3,-4
5,16,16,2,3,-3
6,16,16,2,3,-2
7,16,16,2,4,-4
8,16,16,2,4,-3
9,16,16,2,4,-2
10,16,16,2,5,-4
11,16,16,2,5,-3
12,16,16,2,5,-2
13,16,16,3,2,-4
14,16,16,3,2,-3
15,16,16,3,2,-2
16,16,16,3,3,-4
17,16,16,3,3,-3
18,16,16,3,3,-2
19,16,16,3,4,-4
20,16,16,3,4,-3
21,16,16,3,4,-2
22,16,16,3,5,-4
23,16,16,3,5,-3
24,16,16,3,5,-2
25,16,16,4,2,-4
26,16,16,4,2,-3
27,16,16,4,2,-2
28,16,16,4,3,-4
29,16,16,4,3,-3
30,16,16,4,3,-2
31,16,16,4,4,-4
32,16,16,4,4,-3
33,16,16,4,4,-2
34,16,16,4,5,-4
35,16,16,4,5,-3
36,16,16,4,5,-2
37,16,16,5,2,-4
38,16,16,5,2,-3
39,16,16,5,2,-2
40,16,16,5,3,-4
41,16,16,5,3,-3
42,16,16,5,3,-2
43,16,16,5,4,-4
44,16,16,5,4,-3
45,16,16,5,4,-2
46,16,16,5,5,-4
47,16,16,5,5,-3
48,16,16,5,5,-2
49,16,32,2,2,-4
50,16,32,2,2,-3
51,16,32,2,2,-2
52,16,32,2,3,-4
53,16,32,2,3,-3
54,16,32,2,3,-2
55,16,32,2,4,-4
56,16,32,2,4,-3
57,16,32,2,4,-2
58,16,32,2,5,-4
59,16,32,2,5,-3
60,16,32,2,5,-2
61,16,32,3,2,-4
62,16,32,3,2,-3
63,16,32,3,2,-2
64,16,32,3,3,-4
65,16,32,3,3,-3
66,16,32,3,3,-2
67,16,32,3,4,-4
68,16,32,3,4,-3
69,16,32,3,4,-2
70,16,32,3,5,-4
71,16,32,3,5,-3
72,16,32,3,5,-2
73,16,32,4,2,-4
74,16,32,4,2,-3
75,16,32,4,2,-2
76,16,32,4,3,-4
77,16,32,4,3,-3
78,16,32,4,3,-2
79,16,32,4,4,-4
80,16,32,4,4,-3
81,16,32,4,4,-2
82,16,32,4,5,-4
83,16,32,4,5,-3
84,16,32,4,5,-2
85,16,32,5,2,-4
86,16,32,5,2,-3
87,16,32,5,2,-2
88,16,32,5,3,-4
89,16,32,5,3,-3
90,16,32,5,3,-2
91,16,32,5,4,-4
92,16,32,5,4,-3
93,16,32,5,4,-2
94,16,32,5,5,-4
95,16,32,5,5,-3
96,16,32,5,5,-2
97,16,64,2,2,-4
98,16,64,2,2,-3
99,16,64,2,2,-2
100,16,64,2,3,-4
101,16,64,2,3,-3
102,16,64,2,3,-2
103,16,64,2,4,-4
104,16,64,2,4,-3
105,16,64,2,4,-2
106,16,64,2,5,-4
107,16,64,2,5,-3
108,16,64,2,5,-2
109,16,64,3,2,-4
110,16,64,3,2,-3
111,16,64,3,2,-2
112,16,64,3,3,-4
113,16,64,3,3,-3
114,16,64,3,3,-2
115,16,64,3,4,-4
116,16,64,3,4,-3
117,16,64,3,4,-2
118,16,64,3,5,-4
119,16,64,3,5,-3
120,16,64,3,5,-2
121,16,64,4,2,-4
122,16,64,4,2,-3
123,16,64,4,2,-2
124,16,64,4,3,-4
125,16,64,4,3,-3
126,16,64,4,3,-2
127,16,64,4,4,-4
128,16,64,4,4,-3
129,16,64,4,4,-2
130,16,64,4,5,-4
131,16,64,4,5,-3
132,16,64,4,5,-2
133,16,64,5,2,-4
134,16,64,5,2,-3
135,16,64,5,2,-2
136,16,64,5,3,-4
137,16,64,5,3,-3
138,16,64,5,3,-2
139,16,64,5,4,-4
140,16,64,5,4,-3
141,16,64,5,4,-2
142,16,64,5,5,-4
143,16,64,5,5,-3
144,16,64,5,5,-2
145,16,128,2,2,-4
146,16,128,2,2,-3
147,16,128,2,2,-2
148,16,128,2,3,-4
149,16,128,2,3,-3
150,16,128,2,3,-2
151,16,128,2,4,-4
152,16,128,2,4,-3
153,16,128,2,4,-2
154,16,128,2,5,-4
155,16,128,2,5,-3
156,16,128,2,5,-2
157,16,128,3,2,-4
158,16,128,3,2,-3
159,16,128,3,2,-2
160,16,128,3,3,-4
161,16,128,3,3,-3
162,16,128,3,3,-2
163,16,128,3,4,-4
164,16,128,3,4,-3
165,16,128,3,4,-2
166,16,128,3,5,-4
167,16,128,3,5,-3
168,16,128,3,5,-2
169,16,128,4,2,-4
170,16,128,4,2,-3
171,16,128,4,2,-2
172,16,128,4,3,-4
173,16,128,4,3,-3
174,16,128,4,3,-2
175,16,128,4,4,-4
176,16,128,4,4,-3
177,16,128,4,4,-2
178,16,128,4,5,-4
179,16,128,4,5,-3
180,16,128,4,5,-2
181,16,128,5,2,-4
182,16,128,5,2,-3
183,16,128,5,2,-2
184,16,128,5,3,-4
185,16,128,5,3,-3
186,16,128,5,3,-2
187,16,128,5,4,-4
188,16,128,5,4,-3
189,16,128,5,4,-2
190,16,128,5,5,-4
191,16,128,5,5,-3
192,16,128,5,5,-2
193,16,256,2,2,-4
194,16,256,2,2,-3
195,16,256,2,2,-2
196,16,256,2,3,-4
197,16,256,2,3,-3
198,16,256,2,3,-2
199,16,256,2,4,-4
200,16,256,2,4,-3
201,16,256,2,4,-2
202,16,256,2,5,-4
203,16,256,2,5,-3
204,16,256,2,5,-2
205,16,256,3,2,-4
206,16,256,3,2,-3
207,16,256,3,2,-2
208,16,256,3,3,-4
209,16,256,3,3,-3
210,16,256,3,3,-2
211,16,256,3,4,-4
212,16,256,3,4,-3
213,16,256,3,4,-2
214,16,256,3,5,-4
215,16,256,3,5,-3
216,16,256,3,5,-2
217,16,256,4,2,-4
218,16,256,4,2,-3
219,16,256,4,2,-2
220,16,256,4,3,-4
221,16,256,4,3,-3
222,16,256,4,3,-2
223,16,256,4,4,-4
224,16,256,4,4,-3
225,16,256,4,4,-2
226,16,256,4,5,-4
227,16,256,4,5,-3
228,16,256,4,5,-2
229,16,256,5,2,-4
230,16,256,5,2,-3
231,16,256,5,2,-2
232,16,256,5,3,-4
233,16,256,5,3,-3
234,16,256,5,3,-2
235,16,256,5,4,-4
236,16,256,5,4,-3
237,16,256,5,4,-2
238,16,256,5,5,-4
239,16,256,5,5,-3
240,16,256,5,5,-2
241,16,512,2,2,-4
242,16,512,2,2,-3
243,16,512,2,2,-2
244,16,512,2,3,-4
245,16,512,2,3,-3
246,16,512,2,3,-2
247,16,512,2,4,-4
248,16,512,2,4,-3
249,16,512,2,4,-2
250,16,512,2,5,-4
251,16,512,2,5,-3
252,16,512,2,5,-2
253,16,512,3,2,-4
254,16,512,3,2,-3
255,16,512,3,2,-2
256,16,512,3,3,-4
257,16,512,3,3,-3
258,16,512,3,3,-2
259,16,512,3,4,-4
260,16,512,3,4,-3
261,16,512,3,4,-2
262,16,512,3,5,-4
263,16,512,3,5,-3
264,16,512,3,5,-2
265,16,512,4,2,-4
266,16,512,4,2,-3
267,16,512,4,2,-2
268,16,512,4,3,-4
269,16,512,4,3,-3
270,16,512,4,3,-2
271,16,512,4,4,-4
272,16,512,4,4,-3
273,16,512,4,4,-2
274,16,512,4,5,-4
275,16,512,4,5,-3
276,16,512,4,5,-2
277,16,512,5,2,-4
278,16,512,5,2,-3
279,16,512,5,2,-2
280,16,512,5,3,-4
281,16,512,5,3,-3
282,16,512,5,3,-2
283,16,512,5,4,-4
284,16,512,5,4,-3
285,16,512,5,4,-2
286,16,512,5,5,-4
287,16,512,5,5,-3
288,16,512,5,5,-2
289,16,1024,2,2,-4
290,16,1024,2,2,-3
291,16,1024,2,2,-2
292,16,1024,2,3,-4
293,16,1024,2,3,-3
294,16,1024,2,3,-2
295,16,1024,2,4,-4
296,16,1024,2,4,-3
297,16,1024,2,4,-2
298,16,1024,2,5,-4
299,16,1024,2,5,-3
300,16,1024,2,5,-2
301,16,1024,3,2,-4
302,16,1024,3,2,-3
303,16,1024,3,2,-2
304,16,1024,3,3,-4
305,16,1024,3,3,-3
306,16,1024,3,3,-2
307,16,1024,3,4,-4
308,16,1024,3,4,-3
309,16,1024,3,4,-2
310,16,1024,3,5,-4
311,16,1024,3,5,-3
312,16,1024,3,5,-2
313,16,1024,4,2,-4
314,16,1024,4,2,-3
315,16,1024,4,2,-2
316,16,1024,4,3,-4
317,16,1024,4,3,-3
318,16,1024,4,3,-2
319,16,1024,4,4,-4
320,16,1024,4,4,-3
321,16,1024,4,4,-2
322,16,1024,4,5,-4
323,16,1024,4,5,-3
324,16,1024,4,5,-2
325,16,1024,5,2,-4
326,16,1024,5,2,-3
327,16,1024,5,2,-2
328,16,1024,5,3,-4
329,16,1024,5,3,-3
330,16,1024,5,3,-2
331,16,1024,5,4,-4
332,16,1024,5,4,-3
333,16,1024,5,4,-2
334,16,1024,5,5,-4
335,16,1024,5,5,-3
336,16,1024,5,5,-2
337,32,16,2,2,-4
338,32,16,2,2,-3
339,32,16,2,2,-2
340,32,16,2,3,-4
341,32,16,2,3,-3
342,32,16,2,3,-2
343,32,16,2,4,-4
344,32,16,2,4,-3
345,32,16,2,4,-2
346,32,16,2,5,-4
347,32,16,2,5,-3
348,32,16,2,5,-2
349,32,16,3,2,-4
350,32,16,3,2,-3
351,32,16,3,2,-2
352,32,16,3,3,-4
353,32,16,3,3,-3
354,32,16,3,3,-2
355,32,16,3,4,-4
356,32,16,3,4,-3
357,32,16,3,4,-2
358,32,16,3,5,-4
359,32,16,3,5,-3
360,32,16,3,5,-2
361,32,16,4,2,-4
362,32,16,4,2,-3
363,32,16,4,2,-2
364,32,16,4,3,-4
365,32,16,4,3,-3
366,32,16,4,3,-2
367,32,16,4,4,-4
368,32,16,4,4,-3
369,32,16,4,4,-2
370,32,16,4,5,-4
371,32,16,4,5,-3
372,32,16,4,5,-2
373,32,16,5,2,-4
374,32,16,5,2,-3
375,32,16,5,2,-2
376,32,16,5,3,-4
377,32,16,5,3,-3
378,32,16,5,3,-2
379,32,16,5,4,-4
380,32,16,5,4,-3
381,32,16,5,4,-2
382,32,16,5,5,-4
383,32,16,5,5,-3
384,32,16,5,5,-2
385,32,32,2,2,-4
386,32,32,2,2,-3
387,32,32,2,2,-2
388,32,32,2,3,-4
389,32,32,2,3,-3
390,32,32,2,3,-2
391,32,32,2,4,-4
392,32,32,2,4,-3
393,32,32,2,4,-2
394,32,32,2,5,-4
395,32,32,2,5,-3
396,32,32,2,5,-2
397,32,32,3,2,-4
398,32,32,3,2,-3
399,32,32,3,2,-2
400,32,32,3,3,-4
401,32,32,3,3,-3
402,32,32,3,3,-2
403,32,32,3,4,-4
404,32,32,3,4,-3
405,32,32,3,4,-2
406,32,32,3,5,-4
407,32,32,3,5,-3
408,32,32,3,5,-2
409,32,32,4,2,-4
410,32,32,4,2,-3
411,32,32,4,2,-2
412,32,32,4,3,-4
413,32,32,4,3,-3
414,32,32,4,3,-2
415,32,32,4,4,-4
416,32,32,4,4,-3
417,32,32,4,4,-2
418,32,32,4,5,-4
419,32,32,4,5,-3
420,32,32,4,5,-2
421,32,32,5,2,-4
422,32,32,5,2,-3
423,32,32,5,2,-2
424,32,32,5,3,-4
425,32,32,5,3,-3
426,32,32,5,3,-2
427,32,32,5,4,-4
428,32,32,5,4,-3
429,32,32,5,4,-2
430,32,32,5,5,-4
431,32,32,5,5,-3
432,32,32,5,5,-2
433,32,64,2,2,-4
434,32,64,2,2,-3
435,32,64,2,2,-2
436,32,64,2,3,-4
437,32,64,2,3,-3
438,32,64,2,3,-2
439,32,64,2,4,-4
440,32,64,2,4,-3
441,32,64,2,4,-2
442,32,64,2,5,-4
443,32,64,2,5,-3
444,32,64,2,5,-2
445,32,64,3,2,-4
446,32,64,3,2,-3
447,32,64,3,2,-2
448,32,64,3,3,-4
449,32,64,3,3,-3
450,32,64,3,3,-2
451,32,64,3,4,-4
452,32,64,3,4,-3
453,32,64,3,4,-2
454,32,64,3,5,-4
455,32,64,3,5,-3
456,32,64,3,5,-2
457,32,64,4,2,-4
458,32,64,4,2,-3
459,32,64,4,2,-2
460,32,64,4,3,-4
461,32,64,4,3,-3
462,32,64,4,3,-2
463,32,64,4,4,-4
464,32,64,4,4,-3
465,32,64,4,4,-2
466,32,64,4,5,-4
467,32,64,4,5,-3
468,32,64,4,5,-2
469,32,64,5,2,-4
470,32,64,5,2,-3
471,32,64,5,2,-2
472,32,64,5,3,-4
473,32,64,5,3,-3
474,32,64,5,3,-2
475,32,64,5,4,-4
476,32,64,5,4,-3
477,32,64,5,4,-2
478,32,64,5,5,-4
479,32,64,5,5,-3
480,32,64,5,5,-2
481,32,128,2,2,-4
482,32,128,2,2,-3
483,32,128,2,2,-2
484,32,128,2,3,-4
485,32,128,2,3,-3
486,32,128,2,3,-2
487,32,128,2,4,-4
488,32,128,2,4,-3
489,32,128,2,4,-2
490,32,128,2,5,-4
491,32,128,2,5,-3
492,32,128,2,5,-2
493,32,128,3,2,-4
494,32,128,3,2,-3
495,32,128,3,2,-2
496,32,128,3,3,-4
497,32,128,3,3,-3
498,32,128,3,3,-2
499,32,128,3,4,-4
500,32,128,3,4,-3
501,32,128,3,4,-2
502,32,128,3,5,-4
503,32,128,3,5,-3
504,32,128,3,5,-2
505,32,128,4,2,-4
506,32,128,4,2,-3
507,32,128,4,2,-2
508,32,128,4,3,-4
509,32,128,4,3,-3
510,32,128,4,3,-2
511,32,128,4,4,-4
512,32,128,4,4,-3
513,32,128,4,4,-2
514,32,128,4,5,-4
515,32,128,4,5,-3
516,32,128,4,5,-2
517,32,128,5,2,-4
518,32,128,5,2,-3
519,32,128,5,2,-2
520,32,128,5,3,-4
521,32,128,5,3,-3
522,32,128,5,3,-2
523,32,128,5,4,-4
524,32,128,5,4,-3
525,32,128,5,4,-2
526,32,128,5,5,-4
527,32,128,5,5,-3
528,32,128,5,5,-2
529,32,256,2,2,-4
530,32,256,2,2,-3
531,32,256,2,2,-2
532,32,256,2,3,-4
533,32,256,2,3,-3
534,32,256,2,3,-2
535,32,256,2,4,-4
536,32,256,2,4,-3
537,32,256,2,4,-2
538,32,256,2,5,-4
539,32,256,2,5,-3
540,32,256,2,5,-2
541,32,256,3,2,-4
542,32,256,3,2,-3
543,32,256,3,2,-2
544,32,256,3,3,-4
545,32,256,3,3,-3
546,32,256,3,3,-2
547,32,256,3,4,-4
548,32,256,3,4,-3
549,32,256,3,4,-2
550,32,256,3,5,-4
551,32,256,3,5,-3
552,32,256,3,5,-2
553,32,256,4,2,-4
554,32,256,4,2,-3
555,32,256,4,2,-2
556,32,256,4,3,-4
557,32,256,4,3,-3
558,32,256,4,3,-2
559,32,256,4,4,-4
560,32,256,4,4,-3
561,32,256,4,4,-2
562,32,256,4,5,-4
563,32,256,4,5,-3
564,32,256,4,5,-2
565,32,256,5,2,-4
566,32,256,5,2,-3
567,32,256,5,2,-2
568,32,256,5,3,-4
569,32,256,5,3,-3
570,32,256,5,3,-2
571,32,256,5,4,-4
572,32,256,5,4,-3
573,32,256,5,4,-2
574,32,256,5,5,-4
575,32,256,5,5,-3
576,32,256,5,5,-2
577,32,512,2,2,-4
578,32,512,2,2,-3
579,32,512,2,2,-2
580,32,512,2,3,-4
581,32,512,2,3,-3
582,32,512,2,3,-2
583,32,512,2,4,-4
584,32,512,2,4,-3
585,32,512,2,4,-2
586,32,512,2,5,-4
587,32,512,2,5,-3
588,32,512,2,5,-2
589,32,512,3,2,-4
590,32,512,3,2,-3
591,32,512,3,2,-2
592,32,512,3,3,-4
593,32,512,3,3,-3
594,32,512,3,3,-2
595,32,512,3,4,-4
596,32,512,3,4,-3
597,32,512,3,4,-2
598,32,512,3,5,-4
599,32,512,3,5,-3
600,32,512,3,5,-2
601,32,512,4,2,-4
602,32,512,4,2,-3
603,32,512,4,2,-2
604,32,512,4,3,-4
605,32,512,4,3,-3
606,32,512,4,3,-2
607,32,512,4,4,-4
608,32,512,4,4,-3
609,32,512,4,4,-2
610,32,512,4,5,-4
611,32,512,4,5,-3
612,32,512,4,5,-2
613,32,512,5,2,-4
614,32,512,5,2,-3
615,32,512,5,2,-2
616,32,512,5,3,-4
617,32,512,5,3,-3
618,32,512,5,3,-2
619,32,512,5,4,-4
620,32,512,5,4,-3
621,32,512,5,4,-2
622,32,512,5,5,-4
623,32,512,5,5,-3
624,32,512,5,5,-2
625,32,1024,2,2,-4
626,32,1024,2,2,-3
627,32,1024,2,2,-2
628,32,1024,2,3,-4
629,32,1024,2,3,-3
630,32,1024,2,3,-2
631,32,1024,2,4,-4
632,32,1024,2,4,-3
633,32,1024,2,4,-2
634,32,1024,2,5,-4
635,32,1024,2,5,-3
636,32,1024,2,5,-2
637,32,1024,3,2,-4
638,32,1024,3,2,-3
639,32,1024,3,2,-2
640,32,1024,3,3,-4
641,32,1024,3,3,-3
642,32,1024,3,3,-2
643,32,1024,3,4,-4
644,32,1024,3,4,-3
645,32,1024,3,4,-2
646,32,1024,3,5,-4
647,32,1024,3,5,-3
648,32,1024,3,5,-2
649,32,1024,4,2,-4
650,32,1024,4,2,-3
651,32,1024,4,2,-2
652,32,1024,4,3,-4
653,32,1024,4,3,-3
654,32,1024,4,3,-2
655,32,1024,4,4,-4
656,32,1024,4,4,-3
657,32,1024,4,4,-2
658,32,1024,4,5,-4
659,32,1024,4,5,-3
660,32,1024,4,5,-2
661,32,1024,5,2,-4
662,32,1024,5,2,-3
663,32,1024,5,2,-2
664,32,1024,5,3,-4
665,32,1024,5,3,-3
666,32,1024,5,3,-2
667,32,1024,5,4,-4
668,32,1024,5,4,-3
669,32,1024,5,4,-2
670,32,1024,5,5,-4
671,32,1024,5,5,-3
672,32,1024,5,5,-2
673,64,16,2,2,-4
674,64,16,2,2,-3
675,64,16,2,2,-2
676,64,16,2,3,-4
677,64,16,2,3,-3
678,64,16,2,3,-2
679,64,16,2,4,-4
680,64,16,2,4,-3
681,64,16,2,4,-2
682,64,16,2,5,-4
683,64,16,2,5,-3
684,64,16,2,5,-2
685,64,16,3,2,-4
686,64,16,3,2,-3
687,64,16,3,2,-2
688,64,16,3,3,-4
689,64,16,3,3,-3
690,64,16,3,3,-2
691,64,16,3,4,-4
692,64,16,3,4,-3
693,64,16,3,4,-2
694,64,16,3,5,-4
695,64,16,3,5,-3
696,64,16,3,5,-2
697,64,16,4,2,-4
698,64,16,4,2,-3
699,64,16,4,2,-2
700,64,16,4,3,-4
701,64,16,4,3,-3
702,64,16,4,3,-2
703,64,16,4,4,-4
704,64,16,4,4,-3
705,64,16,4,4,-2
706,64,16,4,5,-4
707,64,16,4,5,-3
708,64,16,4,5,-2
709,64,16,5,2,-4
710,64,16,5,2,-3
711,64,16,5,2,-2
712,64,16,5,3,-4
713,64,16,5,3,-3
714,64,16,5,3,-2
715,64,16,5,4,-4
716,64,16,5,4,-3
717,64,16,5,4,-2
718,64,16,5,5,-4
719,64,16,5,5,-3
720,64,16,5,5,-2
721,64,32,2,2,-4
722,64,32,2,2,-3
723,64,32,2,2,-2
724,64,32,2,3,-4
725,64,32,2,3,-3
726,64,32,2,3,-2
727,64,32,2,4,-4
728,64,32,2,4,-3
729,64,32,2,4,-2
730,64,32,2,5,-4
731,64,32,2,5,-3
732,64,32,2,5,-2
733,64,32,3,2,-4
734,64,32,3,2,-3
735,64,32,3,2,-2
736,64,32,3,3,-4
737,64,32,3,3,-3
738,64,32,3,3,-2
739,64,32,3,4,-4
740,64,32,3,4,-3
741,64,32,3,4,-2
742,64,32,3,5,-4
743,64,32,3,5,-3
744,64,32,3,5,-2
745,64,32,4,2,-4
746,64,32,4,2,-3
747,64,32,4,2,-2
748,64,32,4,3,-4
749,64,32,4,3,-3
750,64,32,4,3,-2
751,64,32,4,4,-4
752,64,32,4,4,-3
753,64,32,4,4,-2
754,64,32,4,5,-4
755,64,32,4,5,-3
756,64,32,4,5,-2
757,64,32,5,2,-4
758,64,32,5,2,-3
759,64,32,5,2,-2
760,64,32,5,3,-4
761,64,32,5,3,-3
762,64,32,5,3,-2
763,64,32,5,4,-4
764,64,32,5,4,-3
765,64,32,5,4,-2
766,64,32,5,5,-4
767,64,32,5,5,-3
768,64,32,5,5,-2
769,64,64,2,2,-4
770,64,64,2,2,-3
771,64,64,2,2,-2
772,64,64,2,3,-4
773,64,64,2,3,-3
774,64,64,2,3,-2
775,64,64,2,4,-4
776,64,64,2,4,-3
777,64,64,2,4,-2
778,64,64,2,5,-4
779,64,64,2,5,-3
780,64,64,2,5,-2
781,64,64,3,2,-4
782,64,64,3,2,-3
783,64,64,3,2,-2
784,64,64,3,3,-4
785,64,64,3,3,-3
786,64,64,3,3,-2
787,64,64,3,4,-4
788,64,64,3,4,-3
789,64,64,3,4,-2
790,64,64,3,5,-4
791,64,64,3,5,-3
792,64,64,3,5,-2
793,64,64,4,2,-4
794,64,64,4,2,-3
795,64,64,4,2,-2
796,64,64,4,3,-4
797,64,64,4,3,-3
798,64,64,4,3,-2
799,64,64,4,4,-4
800,64,64,4,4,-3
801,64,64,4,4,-2
802,64,64,4,5,-4
803,64,64,4,5,-3
804,64,64,4,5,-2
805,64,64,5,2,-4
806,64,64,5,2,-3
807,64,64,5,2,-2
808,64,64,5,3,-4
809,64,64,5,3,-3
810,64,64,5,3,-2
811,64,64,5,4,-4
812,64,64,5,4,-3
813,64,64,5,4,-2
814,64,64,5,5,-4
815,64,64,5,5,-3
816,64,64,5,5,-2
817,64,128,2,2,-4
818,64,128,2,2,-3
819,64,128,2,2,-2
820,64,128,2,3,-4
821,64,128,2,3,-3
822,64,128,2,3,-2
823,64,128,2,4,-4
824,64,128,2,4,-3
825,64,128,2,4,-2
826,64,128,2,5,-4
827,64,128,2,5,-3
828,64,128,2,5,-2
829,64,128,3,2,-4
830,64,128,3,2,-3
831,64,128,3,2,-2
832,64,128,3,3,-4
833,64,128,3,3,-3
834,64,128,3,3,-2
835,64,128,3,4,-4
836,64,128,3,4,-3
837,64,128,3,4,-2
838,64,128,3,5,-4
839,64,128,3,5,-3
840,64,128,3,5,-2
841,64,128,4,2,-4
842,64,128,4,2,-3
843,64,128,4,2,-2
844,64,128,4,3,-4
845,64,128,4,3,-3
846,64,128,4,3,-2
847,64,128,4,4,-4
848,64,128,4,4,-3
849,64,128,4,4,-2
850,64,128,4,5,-4
851,64,128,4,5,-3
852,64,128,4,5,-2
853,64,128,5,2,-4
854,64,128,5,2,-3
855,64,128,5,2,-2
856,64,128,5,3,-4
857,64,128,5,3,-3
858,64,128,5,3,-2
859,64,128,5,4,-4
860,64,128,5,4,-3
861,64,128,5,4,-2
862,64,128,5,5,-4
863,64,128,5,5,-3
864,64,128,5,5,-2
865,64,256,2,2,-4
866,64,256,2,2,-3
867,64,256,2,2,-2
868,64,256,2,3,-4
869,64,256,2,3,-3
870,64,256,2,3,-2
871,64,256,2,4,-4
872,64,256,2,4,-3
873,64,256,2,4,-2
874,64,256,2,5,-4
875,64,256,2,5,-3
876,64,256,2,5,-2
877,64,256,3,2,-4
878,64,256,3,2,-3
879,64,256,3,2,-2
880,64,256,3,3,-4
881,64,256,3,3,-3
882,64,256,3,3,-2
883,64,256,3,4,-4
884,64,256,3,4,-3
885,64,256,3,4,-2
886,64,256,3,5,-4
887,64,256,3,5,-3
888,64,256,3,5,-2
889,64,256,4,2,-4
890,64,256,4,2,-3
891,64,256,4,2,-2
892,64,256,4,3,-4
893,64,256,4,3,-3
894,64,256,4,3,-2
895,64,256,4,4,-4
896,64,256,4,4,-3
897,64,256,4,4,-2
898,64,256,4,5,-4
899,64,256,4,5,-3
900,64,256,4,5,-2
901,64,256,5,2,-4
902,64,256,5,2,-3
903,64,256,5,2,-2
904,64,256,5,3,-4
905,64,256,5,3,-3
906,64,256,5,3,-2
907,64,256,5,4,-4
908,64,256,5,4,-3
909,64,256,5,4,-2
910,64,256,5,5,-4
911,64,256,5,5,-3
912,64,256,5,5,-2
913,64,512,2,2,-4
914,64,512,2,2,-3
915,64,512,2,2,-2
916,64,512,2,3,-4
917,64,512,2,3,-3
918,64,512,2,3,-2
919,64,512,2,4,-4
920,64,512,2,4,-3
921,64,512,2,4,-2
922,64,512,2,5,-4
923,64,512,2,5,-3
924,64,512,2,5,-2
925,64,512,3,2,-4
926,64,512,3,2,-3
927,64,512,3,2,-2
928,64,512,3,3,-4
929,64,512,3,3,-3
930,64,512,3,3,-2
931,64,512,3,4,-4
932,64,512,3,4,-3
933,64,512,3,4,-2
934,64,512,3,5,-4
935,64,512,3,5,-3
936,64,512,3,5,-2
937,64,512,4,2,-4
938,64,512,4,2,-3
939,64,512,4,2,-2
940,64,512,4,3,-4
941,64,512,4,3,-3
942,64,512,4,3,-2
943,64,512,4,4,-4
944,64,512,4,4,-3
945,64,512,4,4,-2
946,64,512,4,5,-4
947,64,512,4,5,-3
948,64,512,4,5,-2
949,64,512,5,2,-4
950,64,512,5,2,-3
951,64,512,5,2,-2
952,64,512,5,3,-4
953,64,512,5,3,-3
954,64,512,5,3,-2
955,64,512,5,4,-4
956,64,512,5,4,-3
957,64,512,5,4,-2
958,64,512,5,5,-4
959,64,512,5,5,-3
960,64,512,5,5,-2
961,64,1024,2,2,-4
962,64,1024,2,2,-3
963,64,1024,2,2,-2
964,64,1024,2,3,-4
965,64,1024,2,3,-3
966,64,1024,2,3,-2
967,64,1024,2,4,-4
968,64,1024,2,4,-3
969,64,1024,2,4,-2
970,64,1024,2,5,-4
971,64,1024,2,5,-3
972,64,1024,2,5,-2
973,64,1024,3,2,-4
974,64,1024,3,2,-3
975,64,1024,3,2,-2
976,64,1024,3,3,-4
977,64,1024,3,3,-3
978,64,1024,3,3,-2
979,64,1024,3,4,-4
980,64,1024,3,4,-3
981,64,1024,3,4,-2
982,64,1024,3,5,-4
983,64,1024,3,5,-3
984,64,1024,3,5,-2
985,64,1024,4,2,-4
986,64,1024,4,2,-3
987,64,1024,4,2,-2
988,64,1024,4,3,-4
989,64,1024,4,3,-3
990,64,1024,4,3,-2
991,64,1024,4,4,-4
992,64,1024,4,4,-3
993,64,1024,4,4,-2
994,64,1024,4,5,-4
995,64,1024,4,5,-3
996,64,1024,4,5,-2
997,64,1024,5,2,-4
998,64,1024,5,2,-3
999,64,1024,5,2,-2
1000,64,1024,5,3,-4
1001,64,1024,5,3,-3
1002,64,1024,5,3,-2
1003,64,1024,5,4,-4
1004,64,1024,5,4,-3
1005,64,1024,5,4,-2
1006,64,1024,5,5,-4
1007,64,1024,5,5,-3
1008,64,1024,5,5,-2
1009,128,16,2,2,-4
1010,128,16,2,2,-3
1011,128,16,2,2,-2
1012,128,16,2,3,-4
1013,128,16,2,3,-3
1014,128,16,2,3,-2
1015,128,16,2,4,-4
1016,128,16,2,4,-3
1017,128,16,2,4,-2
1018,128,16,2,5,-4
1019,128,16,2,5,-3
1020,128,16,2,5,-2
1021,128,16,3,2,-4
1022,128,16,3,2,-3
1023,128,16,3,2,-2
1024,128,16,3,3,-4
1025,128,16,3,3,-3
1026,128,16,3,3,-2
1027,128,16,3,4,-4
1028,128,16,3,4,-3
1029,128,16,3,4,-2
1030,128,16,3,5,-4
1031,128,16,3,5,-3
1032,128,16,3,5,-2
1033,128,16,4,2,-4
1034,128,16,4,2,-3
1035,128,16,4,2,-2
1036,128,16,4,3,-4
1037,128,16,4,3,-3
1038,128,16,4,3,-2
1039,128,16,4,4,-4
1040,128,16,4,4,-3
1041,128,16,4,4,-2
1042,128,16,4,5,-4
1043,128,16,4,5,-3
1044,128,16,4,5,-2
1045,128,16,5,2,-4
1046,128,16,5,2,-3
1047,128,16,5,2,-2
1048,128,16,5,3,-4
1049,128,16,5,3,-3
1050,128,16,5,3,-2
1051,128,16,5,4,-4
1052,128,16,5,4,-3
1053,128,16,5,4,-2
1054,128,16,5,5,-4
1055,128,16,5,5,-3
1056,128,16,5,5,-2
1057,128,32,2,2,-4
1058,128,32,2,2,-3
1059,128,32,2,2,-2
1060,128,32,2,3,-4
1061,128,32,2,3,-3
1062,128,32,2,3,-2
1063,128,32,2,4,-4
1064,128,32,2,4,-3
1065,128,32,2,4,-2
1066,128,32,2,5,-4
1067,128,32,2,5,-3
1068,128,32,2,5,-2
1069,128,32,3,2,-4
1070,128,32,3,2,-3
1071,128,32,3,2,-2
1072,128,32,3,3,-4
1073,128,32,3,3,-3
1074,128,32,3,3,-2
1075,128,32,3,4,-4
1076,128,32,3,4,-3
1077,128,32,3,4,-2
1078,128,32,3,5,-4
1079,128,32,3,5,-3
1080,128,32,3,5,-2
1081,128,32,4,2,-4
1082,128,32,4,2,-3
1083,128,32,4,2,-2
1084,128,32,4,3,-4
1085,128,32,4,3,-3
1086,128,32,4,3,-2
1087,128,32,4,4,-4
1088,128,32,4,4,-3
1089,128,32,4,4,-2
1090,128,32,4,5,-4
1091,128,32,4,5,-3
1092,128,32,4,5,-2
1093,128,32,5,2,-4
1094,128,32,5,2,-3
1095,128,32,5,2,-2
1096,128,32,5,3,-4
1097,128,32,5,3,-3
1098,128,32,5,3,-2
1099,128,32,5,4,-4
1100,128,32,5,4,-3
1101,128,32,5,4,-2
1102,128,32,5,5,-4
1103,128,32,5,5,-3
1104,128,32,5,5,-2
1105,128,64,2,2,-4
1106,128,64,2,2,-3
1107,128,64,2,2,-2
1108,128,64,2,3,-4
1109,128,64,2,3,-3
1110,128,64,2,3,-2
1111,128,64,2,4,-4
1112,128,64,2,4,-3
1113,128,64,2,4,-2
1114,128,64,2,5,-4
1115,128,64,2,5,-3
1116,128,64,2,5,-2
1117,128,64,3,2,-4
1118,128,64,3,2,-3
1119,128,64,3,2,-2
1120,128,64,3,3,-4
1121,128,64,3,3,-3
1122,128,64,3,3,-2
1123,128,64,3,4,-4
1124,128,64,3,4,-3
1125,128,64,3,4,-2
1126,128,64,3,5,-4
1127,128,64,3,5,-3
1128,128,64,3,5,-2
1129,128,64,4,2,-4
1130,128,64,4,2,-3
1131,128,64,4,2,-2
1132,128,64,4,3,-4
1133,128,64,4,3,-3
1134,128,64,4,3,-2
1135,128,64,4,4,-4
1136,128,64,4,4,-3
1137,128,64,4,4,-2
1138,128,64,4,5,-4
1139,128,64,4,5,-3
1140,128,64,4,5,-2
1141,128,64,5,2,-4
1142,128,64,5,2,-3
1143,128,64,5,2,-2
1144,128,64,5,3,-4
1145,128,64,5,3,-3
1146,128,64,5,3,-2
1147,128,64,5,4,-4
1148,128,64,5,4,-3
1149,128,64,5,4,-2
1150,128,64,5,5,-4
1151,128,64,5,5,-3
1152,128,64,5,5,-2
1153,128,128,2,2,-4
1154,128,128,2,2,-3
1155,128,128,2,2,-2
1156,128,128,2,3,-4
1157,128,128,2,3,-3
1158,128,128,2,3,-2
1159,128,128,2,4,-4
1160,128,128,2,4,-3
1161,128,128,2,4,-2
1162,128,128,2,5,-4
1163,128,128,2,5,-3
1164,128,128,2,5,-2
1165,128,128,3,2,-4
1166,128,128,3,2,-3
1167,128,128,3,2,-2
1168,128,128,3,3,-4
1169,128,128,3,3,-3
1170,128,128,3,3,-2
1171,128,128,3,4,-4
1172,128,128,3,4,-3
1173,128,128,3,4,-2
1174,128,128,3,5,-4
1175,128,128,3,5,-3
1176,128,128,3,5,-2
1177,128,128,4,2,-4
1178,128,128,4,2,-3
1179,128,128,4,2,-2
1180,128,128,4,3,-4
1181,128,128,4,3,-3
1182,128,128,4,3,-2
1183,128,128,4,4,-4
1184,128,128,4,4,-3
1185,128,128,4,4,-2
1186,128,128,4,5,-4
1187,128,128,4,5,-3
1188,128,128,4,5,-2
1189,128,128,5,2,-4
1190,128,128,5,2,-3
1191,128,128,5,2,-2
1192,128,128,5,3,-4
1193,128,128,5,3,-3
1194,128,128,5,3,-2
1195,128,128,5,4,-4
1196,128,128,5,4,-3
1197,128,128,5,4,-2
1198,128,128,5,5,-4
1199,128,128,5,5,-3
1200,128,128,5,5,-2
1201,128,256,2,2,-4
1202,128,256,2,2,-3
1203,128,256,2,2,-2
1204,128,256,2,3,-4
1205,128,256,2,3,-3
1206,128,256,2,3,-2
1207,128,256,2,4,-4
1208,128,256,2,4,-3
1209,128,256,2,4,-2
1210,128,256,2,5,-4
1211,128,256,2,5,-3
1212,128,256,2,5,-2
1213,128,256,3,2,-4
1214,128,256,3,2,-3
1215,128,256,3,2,-2
1216,128,256,3,3,-4
1217,128,256,3,3,-3
1218,128,256,3,3,-2
1219,128,256,3,4,-4
1220,128,256,3,4,-3
1221,128,256,3,4,-2
1222,128,256,3,5,-4
1223,128,256,3,5,-3
1224,128,256,3,5,-2
1225,128,256,4,2,-4
1226,128,256,4,2,-3
1227,128,256,4,2,-2
1228,128,256,4,3,-4
1229,128,256,4,3,-3
1230,128,256,4,3,-2
1231,128,256,4,4,-4
1232,128,256,4,4,-3
1233,128,256,4,4,-2
1234,128,256,4,5,-4
1235,128,256,4,5,-3
1236,128,256,4,5,-2
1237,128,256,5,2,-4
1238,128,256,5,2,-3
1239,128,256,5,2,-2
1240,128,256,5,3,-4
1241,128,256,5,3,-3
1242,128,256,5,3,-2
1243,128,256,5,4,-4
1244,128,256,5,4,-3
1245,128,256,5,4,-2
1246,128,256,5,5,-4
1247,128,256,5,5,-3
1248,128,256,5,5,-2
1249,128,512,2,2,-4
1250,128,512,2,2,-3
1251,128,512,2,2,-2
1252,128,512,2,3,-4
1253,128,512,2,3,-3
1254,128,512,2,3,-2
1255,128,512,2,4,-4
1256,128,512,2,4,-3
1257,128,512,2,4,-2
1258,128,512,2,5,-4
1259,128,512,2,5,-3
1260,128,512,2,5,-2
1261,128,512,3,2,-4
1262,128,512,3,2,-3
1263,128,512,3,2,-2
1264,128,512,3,3,-4
1265,128,512,3,3,-3
1266,128,512,3,3,-2
1267,128,512,3,4,-4
1268,128,512,3,4,-3
1269,128,512,3,4,-2
1270,128,512,3,5,-4
1271,128,512,3,5,-3
1272,128,512,3,5,-2
1273,128,512,4,2,-4
1274,128,512,4,2,-3
1275,128,512,4,2,-2
1276,128,512,4,3,-4
1277,128,512,4,3,-3
1278,128,512,4,3,-2
1279,128,512,4,4,-4
1280,128,512,4,4,-3
1281,128,512,4,4,-2
1282,128,512,4,5,-4
1283,128,512,4,5,-3
1284,128,512,4,5,-2
1285,128,512,5,2,-4
1286,128,512,5,2,-3
1287,128,512,5,2,-2
1288,128,512,5,3,-4
1289,128,512,5,3,-3
1290,128,512,5,3,-2
1291,128,512,5,4,-4
1292,128,512,5,4,-3
1293,128,512,5,4,-2
1294,128,512,5,5,-4
1295,128,512,5,5,-3
1296,128,512,5,5,-2
1297,128,1024,2,2,-4
1298,128,1024,2,2,-3
1299,128,1024,2,2,-2
1300,128,1024,2,3,-4
1301,128,1024,2,3,-3
1302,128,1024,2,3,-2
1303,128,1024,2,4,-4
1304,128,1024,2,4,-3
1305,128,1024,2,4,-2
1306,128,1024,2,5,-4
1307,128,1024,2,5,-3
1308,128,1024,2,5,-2
1309,128,1024,3,2,-4
1310,128,1024,3,2,-3
1311,128,1024,3,2,-2
1312,128,1024,3,3,-4
1313,128,1024,3,3,-3
1314,128,1024,3,3,-2
1315,128,1024,3,4,-4
1316,128,1024,3,4,-3
1317,128,1024,3,4,-2
1318,128,1024,3,5,-4
1319,128,1024,3,5,-3
1320,128,1024,3,5,-2
1321,128,1024,4,2,-4
1322,128,1024,4,2,-3
1323,128,1024,4,2,-2
1324,128,1024,4,3,-4
1325,128,1024,4,3,-3
1326,128,1024,4,3,-2
1327,128,1024,4,4,-4
1328,128,1024,4,4,-3
1329,128,1024,4,4,-2
1330,128,1024,4,5,-4
1331,128,1024,4,5,-3
1332,128,1024,4,5,-2
1333,128,1024,5,2,-4
1334,128,1024,5,2,-3
1335,128,1024,5,2,-2
1336,128,1024,5,3,-4
1337,128,1024,5,3,-3
1338,128,1024,5,3,-2
1339,128,1024,5,4,-4
1340,128,1024,5,4,-3
1341,128,1024,5,4,-2
1342,128,1024,5,5,-4
1343,128,1024,5,5,-3
1344,128,1024,5,5,-2
1345,256,16,2,2,-4
1346,256,16,2,2,-3
1347,256,16,2,2,-2
1348,256,16,2,3,-4
1349,256,16,2,3,-3
1350,256,16,2,3,-2
1351,256,16,2,4,-4
1352,256,16,2,4,-3
1353,256,16,2,4,-2
1354,256,16,2,5,-4
1355,256,16,2,5,-3
1356,256,16,2,5,-2
1357,256,16,3,2,-4
1358,256,16,3,2,-3
1359,256,16,3,2,-2
1360,256,16,3,3,-4
1361,256,16,3,3,-3
1362,256,16,3,3,-2
1363,256,16,3,4,-4
1364,256,16,3,4,-3
1365,256,16,3,4,-2
1366,256,16,3,5,-4
1367,256,16,3,5,-3
1368,256,16,3,5,-2
1369,256,16,4,2,-4
1370,256,16,4,2,-3
1371,256,16,4,2,-2
1372,256,16,4,3,-4
1373,256,16,4,3,-3
1374,256,16,4,3,-2
1375,256,16,4,4,-4
1376,256,16,4,4,-3
1377,256,16,4,4,-2
1378,256,16,4,5,-4
1379,256,16,4,5,-3
1380,256,16,4,5,-2
1381,256,16,5,2,-4
1382,256,16,5,2,-3
1383,256,16,5,2,-2
1384,256,16,5,3,-4
1385,256,16,5,3,-3
1386,256,16,5,3,-2
1387,256,16,5,4,-4
1388,256,16,5,4,-3
1389,256,16,5,4,-2
1390,256,16,5,5,-4
1391,256,16,5,5,-3
1392,256,16,5,5,-2
1393,256,32,2,2,-4
1394,256,32,2,2,-3
1395,256,32,2,2,-2
1396,256,32,2,3,-4
1397,256,32,2,3,-3
1398,256,32,2,3,-2
1399,256,32,2,4,-4
1400,256,32,2,4,-3
1401,256,32,2,4,-2
1402,256,32,2,5,-4
1403,256,32,2,5,-3
1404,256,32,2,5,-2
1405,256,32,3,2,-4
1406,256,32,3,2,-3
1407,256,32,3,2,-2
1408,256,32,3,3,-4
1409,256,32,3,3,-3
1410,256,32,3,3,-2
1411,256,32,3,4,-4
1412,256,32,3,4,-3
1413,256,32,3,4,-2
1414,256,32,3,5,-4
1415,256,32,3,5,-3
1416,256,32,3,5,-2
1417,256,32,4,2,-4
1418,256,32,4,2,-3
1419,256,32,4,2,-2
1420,256,32,4,3,-4
1421,256,32,4,3,-3
1422,256,32,4,3,-2
1423,256,32,4,4,-4
1424,256,32,4,4,-3
1425,256,32,4,4,-2
1426,256,32,4,5,-4
1427,256,32,4,5,-3
1428,256,32,4,5,-2
1429,256,32,5,2,-4
1430,256,32,5,2,-3
1431,256,32,5,2,-2
1432,256,32,5,3,-4
1433,256,32,5,3,-3
1434,256,32,5,3,-2
1435,256,32,5,4,-4
1436,256,32,5,4,-3
1437,256,32,5,4,-2
1438,256,32,5,5,-4
1439,256,32,5,5,-3
1440,256,32,5,5,-2
1441,256,64,2,2,-4
1442,256,64,2,2,-3
1443,256,64,2,2,-2
1444,256,64,2,3,-4
1445,256,64,2,3,-3
1446,256,64,2,3,-2
1447,256,64,2,4,-4
1448,256,64,2,4,-3
1449,256,64,2,4,-2
1450,256,64,2,5,-4
1451,256,64,2,5,-3
1452,256,64,2,5,-2
1453,256,64,3,2,-4
1454,256,64,3,2,-3
1455,256,64,3,2,-2
1456,256,64,3,3,-4
1457,256,64,3,3,-3
1458,256,64,3,3,-2
1459,256,64,3,4,-4
1460,256,64,3,4,-3
1461,256,64,3,4,-2
1462,256,64,3,5,-4
1463,256,64,3,5,-3
1464,256,64,3,5,-2
1465,256,64,4,2,-4
1466,256,64,4,2,-3
1467,256,64,4,2,-2
1468,256,64,4,3,-4
1469,256,64,4,3,-3
1470,256,64,4,3,-2
1471,256,64,4,4,-4
1472,256,64,4,4,-3
1473,256,64,4,4,-2
1474,256,64,4,5,-4
1475,256,64,4,5,-3
1476,256,64,4,5,-2
1477,256,64,5,2,-4
1478,256,64,5,2,-3
1479,256,64,5,2,-2
1480,256,64,5,3,-4
1481,256,64,5,3,-3
1482,256,64,5,3,-2
1483,256,64,5,4,-4
1484,256,64,5,4,-3
1485,256,64,5,4,-2
1486,256,64,5,5,-4
1487,256,64,5,5,-3
1488,256,64,5,5,-2
1489,256,128,2,2,-4
1490,256,128,2,2,-3
1491,256,128,2,2,-2
1492,256,128,2,3,-4
1493,256,128,2,3,-3
1494,256,128,2,3,-2
1495,256,128,2,4,-4
1496,256,128,2,4,-3
1497,256,128,2,4,-2
1498,256,128,2,5,-4
1499,256,128,2,5,-3
1500,256,128,2,5,-2
1501,256,128,3,2,-4
1502,256,128,3,2,-3
1503,256,128,3,2,-2
1504,256,128,3,3,-4
1505,256,128,3,3,-3
1506,256,128,3,3,-2
1507,256,128,3,4,-4
1508,256,128,3,4,-3
1509,256,128,3,4,-2
1510,256,128,3,5,-4
1511,256,128,3,5,-3
1512,256,128,3,5,-2
1513,256,128,4,2,-4
1514,256,128,4,2,-3
1515,256,128,4,2,-2
1516,256,128,4,3,-4
1517,256,128,4,3,-3
1518,256,128,4,3,-2
1519,256,128,4,4,-4
1520,256,128,4,4,-3
1521,256,128,4,4,-2
1522,256,128,4,5,-4
1523,256,128,4,5,-3
1524,256,128,4,5,-2
1525,256,128,5,2,-4
1526,256,128,5,2,-3
1527,256,128,5,2,-2
1528,256,128,5,3,-4
1529,256,128,5,3,-3
1530,256,128,5,3,-2
1531,256,128,5,4,-4
1532,256,128,5,4,-3
1533,256,128,5,4,-2
1534,256,128,5,5,-4
1535,256,128,5,5,-3
1536,256,128,5,5,-2
1537,256,256,2,2,-4
1538,256,256,2,2,-3
1539,256,256,2,2,-2
1540,256,256,2,3,-4
1541,256,256,2,3,-3
1542,256,256,2,3,-2
1543,256,256,2,4,-4
1544,256,256,2,4,-3
1545,256,256,2,4,-2
1546,256,256,2,5,-4
1547,256,256,2,5,-3
1548,256,256,2,5,-2
1549,256,256,3,2,-4
1550,256,256,3,2,-3
1551,256,256,3,2,-2
1552,256,256,3,3,-4
1553,256,256,3,3,-3
1554,256,256,3,3,-2
1555,256,256,3,4,-4
1556,256,256,3,4,-3
1557,256,256,3,4,-2
1558,256,256,3,5,-4
1559,256,256,3,5,-3
1560,256,256,3,5,-2
1561,256,256,4,2,-4
1562,256,256,4,2,-3
1563,256,256,4,2,-2
1564,256,256,4,3,-4
1565,256,256,4,3,-3
1566,256,256,4,3,-2
1567,256,256,4,4,-4
1568,256,256,4,4,-3
1569,256,256,4,4,-2
1570,256,256,4,5,-4
1571,256,256,4,5,-3
1572,256,256,4,5,-2
1573,256,256,5,2,-4
1574,256,256,5,2,-3
1575,256,256,5,2,-2
1576,256,256,5,3,-4
1577,256,256,5,3,-3
1578,256,256,5,3,-2
1579,256,256,5,4,-4
1580,256,256,5,4,-3
1581,256,256,5,4,-2
1582,256,256,5,5,-4
1583,256,256,5,5,-3
1584,256,256,5,5,-2
1585,256,512,2,2,-4
1586,256,512,2,2,-3
1587,256,512,2,2,-2
1588,256,512,2,3,-4
1589,256,512,2,3,-3
1590,256,512,2,3,-2
1591,256,512,2,4,-4
1592,256,512,2,4,-3
1593,256,512,2,4,-2
1594,256,512,2,5,-4
1595,256,512,2,5,-3
1596,256,512,2,5,-2
1597,256,512,3,2,-4
1598,256,512,3,2,-3
1599,256,512,3,2,-2
1600,256,512,3,3,-4
1601,256,512,3,3,-3
1602,256,512,3,3,-2
1603,256,512,3,4,-4
1604,256,512,3,4,-3
1605,256,512,3,4,-2
1606,256,512,3,5,-4
1607,256,512,3,5,-3
1608,256,512,3,5,-2
1609,256,512,4,2,-4
1610,256,512,4,2,-3
1611,256,512,4,2,-2
1612,256,512,4,3,-4
1613,256,512,4,3,-3
1614,256,512,4,3,-2
1615,256,512,4,4,-4
1616,256,512,4,4,-3
1617,256,512,4,4,-2
1618,256,512,4,5,-4
1619,256,512,4,5,-3
1620,256,512,4,5,-2
1621,256,512,5,2,-4
1622,256,512,5,2,-3
1623,256,512,5,2,-2
1624,256,512,5,3,-4
1625,256,512,5,3,-3
1626,256,512,5,3,-2
1627,256,512,5,4,-4
1628,256,512,5,4,-3
1629,256,512,5,4,-2
1630,256,512,5,5,-4
1631,256,512,5,5,-3
1632,256,512,5,5,-2
1633,256,1024,2,2,-4
1634,256,1024,2,2,-3
1635,256,1024,2,2,-2
1636,256,1024,2,3,-4
1637,256,1024,2,3,-3
1638,256,1024,2,3,-2
1639,256,1024,2,4,-4
1640,256,1024,2,4,-3
1641,256,1024,2,4,-2
1642,256,1024,2,5,-4
1643,256,1024,2,5,-3
1644,256,1024,2,5,-2
1645,256,1024,3,2,-4
1646,256,1024,3,2,-3
1647,256,1024,3,2,-2
1648,256,1024,3,3,-4
1649,256,1024,3,3,-3
1650,256,1024,3,3,-2
1651,256,1024,3,4,-4
1652,256,1024,3,4,-3
1653,256,1024,3,4,-2
1654,256,1024,3,5,-4
1655,256,1024,3,5,-3
1656,256,1024,3,5,-2
1657,256,1024,4,2,-4
1658,256,1024,4,2,-3
1659,256,1024,4,2,-2
1660,256,1024,4,3,-4
1661,256,1024,4,3,-3
1662,256,1024,4,3,-2
1663,256,1024,4,4,-4
1664,256,1024,4,4,-3
1665,256,1024,4,4,-2
1666,256,1024,4,5,-4
1667,256,1024,4,5,-3
1668,256,1024,4,5,-2
1669,256,1024,5,2,-4
1670,256,1024,5,2,-3
1671,256,1024,5,2,-2
1672,256,1024,5,3,-4
1673,256,1024,5,3,-3
1674,256,1024,5,3,-2
1675,256,1024,5,4,-4
1676,256,1024,5,4,-3
1677,256,1024,5,4,-2
1678,256,1024,5,5,-4
1679,256,1024,5,5,-3
1680,256,1024,5,5,-2
1681,512,16,2,2,-4
1682,512,16,2,2,-3
1683,512,16,2,2,-2
1684,512,16,2,3,-4
1685,512,16,2,3,-3
1686,512,16,2,3,-2
1687,512,16,2,4,-4
1688,512,16,2,4,-3
1689,512,16,2,4,-2
1690,512,16,2,5,-4
1691,512,16,2,5,-3
1692,512,16,2,5,-2
1693,512,16,3,2,-4
1694,512,16,3,2,-3
1695,512,16,3,2,-2
1696,512,16,3,3,-4
1697,512,16,3,3,-3
1698,512,16,3,3,-2
1699,512,16,3,4,-4
1700,512,16,3,4,-3
1701,512,16,3,4,-2
1702,512,16,3,5,-4
1703,512,16,3,5,-3
1704,512,16,3,5,-2
1705,512,16,4,2,-4
1706,512,16,4,2,-3
1707,512,16,4,2,-2
1708,512,16,4,3,-4
1709,512,16,4,3,-3
1710,512,16,4,3,-2
1711,512,16,4,4,-4
1712,512,16,4,4,-3
1713,512,16,4,4,-2
1714,512,16,4,5,-4
1715,512,16,4,5,-3
1716,512,16,4,5,-2
1717,512,16,5,2,-4
1718,512,16,5,2,-3
1719,512,16,5,2,-2
1720,512,16,5,3,-4
1721,512,16,5,3,-3
1722,512,16,5,3,-2
1723,512,16,5,4,-4
1724,512,16,5,4,-3
1725,512,16,5,4,-2
1726,512,16,5,5,-4
1727,512,16,5,5,-3
1728,512,16,5,5,-2
1729,512,32,2,2,-4
1730,512,32,2,2,-3
1731,512,32,2,2,-2
1732,512,32,2,3,-4
1733,512,32,2,3,-3
1734,512,32,2,3,-2
1735,512,32,2,4,-4
1736,512,32,2,4,-3
1737,512,32,2,4,-2
1738,512,32,2,5,-4
1739,512,32,2,5,-3
1740,512,32,2,5,-2
1741,512,32,3,2,-4
1742,512,32,3,2,-3
1743,512,32,3,2,-2
1744,512,32,3,3,-4
1745,512,32,3,3,-3
1746,512,32,3,3,-2
1747,512,32,3,4,-4
1748,512,32,3,4,-3
1749,512,32,3,4,-2
1750,512,32,3,5,-4
1751,512,32,3,5,-3
1752,512,32,3,5,-2
1753,512,32,4,2,-4
1754,512,32,4,2,-3
1755,512,32,4,2,-2
1756,512,32,4,3,-4
1757,512,32,4,3,-3
1758,512,32,4,3,-2
1759,512,32,4,4,-4
1760,512,32,4,4,-3
1761,512,32,4,4,-2
1762,512,32,4,5,-4
1763,512,32,4,5,-3
1764,512,32,4,5,-2
1765,512,32,5,2,-4
1766,512,32,5,2,-3
1767,512,32,5,2,-2
1768,512,32,5,3,-4
1769,512,32,5,3,-3
1770,512,32,5,3,-2
1771,512,32,5,4,-4
1772,512,32,5,4,-3
1773,512,32,5,4,-2
1774,512,32,5,5,-4
1775,512,32,5,5,-3
1776,512,32,5,5,-2
1777,512,64,2,2,-4
1778,512,64,2,2,-3
1779,512,64,2,2,-2
1780,512,64,2,3,-4
1781,512,64,2,3,-3
1782,512,64,2,3,-2
1783,512,64,2,4,-4
1784,512,64,2,4,-3
1785,512,64,2,4,-2
1786,512,64,2,5,-4
1787,512,64,2,5,-3
1788,512,64,2,5,-2
1789,512,64,3,2,-4
1790,512,64,3,2,-3
1791,512,64,3,2,-2
1792,512,64,3,3,-4
1793,512,64,3,3,-3
1794,512,64,3,3,-2
1795,512,64,3,4,-4
1796,512,64,3,4,-3
1797,512,64,3,4,-2
1798,512,64,3,5,-4
1799,512,64,3,5,-3
1800,512,64,3,5,-2
1801,512,64,4,2,-4
1802,512,64,4,2,-3
1803,512,64,4,2,-2
1804,512,64,4,3,-4
1805,512,64,4,3,-3
1806,512,64,4,3,-2
1807,512,64,4,4,-4
1808,512,64,4,4,-3
1809,512,64,4,4,-2
1810,512,64,4,5,-4
1811,512,64,4,5,-3
1812,512,64,4,5,-2
1813,512,64,5,2,-4
1814,512,64,5,2,-3
1815,512,64,5,2,-2
1816,512,64,5,3,-4
1817,512,64,5,3,-3
1818,512,64,5,3,-2
1819,512,64,5,4,-4
1820,512,64,5,4,-3
1821,512,64,5,4,-2
1822,512,64,5,5,-4
1823,512,64,5,5,-3
1824,512,64,5,5,-2
1825,512,128,2,2,-4
1826,512,128,2,2,-3
1827,512,128,2,2,-2
1828,512,128,2,3,-4
1829,512,128,2,3,-3
1830,512,128,2,3,-2
1831,512,128,2,4,-4
1832,512,128,2,4,-3
1833,512,128,2,4,-2
1834,512,128,2,5,-4
1835,512,128,2,5,-3
1836,512,128,2,5,-2
1837,512,128,3,2,-4
1838,512,128,3,2,-3
1839,512,128,3,2,-2
1840,512,128,3,3,-4
1841,512,128,3,3,-3
1842,512,128,3,3,-2
1843,512,128,3,4,-4
1844,512,128,3,4,-3
1845,512,128,3,4,-2
1846,512,128,3,5,-4
1847,512,128,3,5,-3
1848,512,128,3,5,-2
1849,512,128,4,2,-4
1850,512,128,4,2,-3
1851,512,128,4,2,-2
1852,512,128,4,3,-4
1853,512,128,4,3,-3
1854,512,128,4,3,-2
1855,512,128,4,4,-4
1856,512,128,4,4,-3
1857,512,128,4,4,-2
1858,512,128,4,5,-4
1859,512,128,4,5,-3
1860,512,128,4,5,-2
1861,512,128,5,2,-4
1862,512,128,5,2,-3
1863,512,128,5,2,-2
1864,512,128,5,3,-4
1865,512,128,5,3,-3
1866,512,128,5,3,-2
1867,512,128,5,4,-4
1868,512,128,5,4,-3
1869,512,128,5,4,-2
1870,512,128,5,5,-4
1871,512,128,5,5,-3
1872,512,128,5,5,-2
1873,512,256,2,2,-4
1874,512,256,2,2,-3
1875,512,256,2,2,-2
1876,512,256,2,3,-4
1877,512,256,2,3,-3
1878,512,256,2,3,-2
1879,512,256,2,4,-4
1880,512,256,2,4,-3
1881,512,256,2,4,-2
1882,512,256,2,5,-4
1883,512,256,2,5,-3
1884,512,256,2,5,-2
1885,512,256,3,2,-4
1886,512,256,3,2,-3
1887,512,256,3,2,-2
1888,512,256,3,3,-4
1889,512,256,3,3,-3
1890,512,256,3,3,-2
1891,512,256,3,4,-4
1892,512,256,3,4,-3
1893,512,256,3,4,-2
1894,512,256,3,5,-4
1895,512,256,3,5,-3
1896,512,256,3,5,-2
1897,512,256,4,2,-4
1898,512,256,4,2,-3
1899,512,256,4,2,-2
1900,512,256,4,3,-4
1901,512,256,4,3,-3
1902,512,256,4,3,-2
1903,512,256,4,4,-4
1904,512,256,4,4,-3
1905,512,256,4,4,-2
1906,512,256,4,5,-4
1907,512,256,4,5,-3
1908,512,256,4,5,-2
1909,512,256,5,2,-4
1910,512,256,5,2,-3
1911,512,256,5,2,-2
1912,512,256,5,3,-4
1913,512,256,5,3,-3
1914,512,256,5,3,-2
1915,512,256,5,4,-4
1916,512,256,5,4,-3
1917,512,256,5,4,-2
1918,512,256,5,5,-4
1919,512,256,5,5,-3
1920,512,256,5,5,-2
1921,512,512,2,2,-4
1922,512,512,2,2,-3
1923,512,512,2,2,-2
1924,512,512,2,3,-4
1925,512,512,2,3,-3
1926,512,512,2,3,-2
1927,512,512,2,4,-4
1928,512,512,2,4,-3
1929,512,512,2,4,-2
1930,512,512,2,5,-4
1931,512,512,2,5,-3
1932,512,512,2,5,-2
1933,512,512,3,2,-4
1934,512,512,3,2,-3
1935,512,512,3,2,-2
1936,512,512,3,3,-4
1937,512,512,3,3,-3
1938,512,512,3,3,-2
1939,512,512,3,4,-4
1940,512,512,3,4,-3
1941,512,512,3,4,-2
1942,512,512,3,5,-4
1943,512,512,3,5,-3
1944,512,512,3,5,-2
1945,512,512,4,2,-4
1946,512,512,4,2,-3
1947,512,512,4,2,-2
1948,512,512,4,3,-4
1949,512,512,4,3,-3
1950,512,512,4,3,-2
1951,512,512,4,4,-4
1952,512,512,4,4,-3
1953,512,512,4,4,-2
1954,512,512,4,5,-4
1955,512,512,4,5,-3
1956,512,512,4,5,-2
1957,512,512,5,2,-4
1958,512,512,5,2,-3
1959,512,512,5,2,-2
1960,512,512,5,3,-4
1961,512,512,5,3,-3
1962,512,512,5,3,-2
1963,512,512,5,4,-4
1964,512,512,5,4,-3
1965,512,512,5,4,-2
1966,512,512,5,5,-4
1967,512,512,5,5,-3
1968,512,512,5,5,-2
1969,512,1024,2,2,-4
1970,512,1024,2,2,-3
1971,512,1024,2,2,-2
1972,512,1024,2,3,-4
1973,512,1024,2,3,-3
1974,512,1024,2,3,-2
1975,512,1024,2,4,-4
1976,512,1024,2,4,-3
1977,512,1024,2,4,-2
1978,512,1024,2,5,-4
1979,512,1024,2,5,-3
1980,512,1024,2,5,-2
1981,512,1024,3,2,-4
1982,512,1024,3,2,-3
1983,512,1024,3,2,-2
1984,512,1024,3,3,-4
1985,512,1024,3,3,-3
1986,512,1024,3,3,-2
1987,512,1024,3,4,-4
1988,512,1024,3,4,-3
1989,512,1024,3,4,-2
1990,512,1024,3,5,-4
1991,512,1024,3,5,-3
1992,512,1024,3,5,-2
1993,512,1024,4,2,-4
1994,512,1024,4,2,-3
1995,512,1024,4,2,-2
1996,512,1024,4,3,-4
1997,512,1024,4,3,-3
1998,512,1024,4,3,-2
1999,512,1024,4,4,-4
2000,512,1024,4,4,-3
2001,512,1024,4,4,-2
2002,512,1024,4,5,-4
2003,512,1024,4,5,-3
2004,512,1024,4,5,-2
2005,512,1024,5,2,-4
2006,512,1024,5,2,-3
2007,512,1024,5,2,-2
2008,512,1024,5,3,-4
2009,512,1024,5,3,-3
2010,512,1024,5,3,-2
2011,512,1024,5,4,-4
2012,512,1024,5,4,-3
2013,512,1024,5,4,-2
2014,512,1024,5,5,-4
2015,512,1024,5,5,-3
2016,512,1024,5,5,-2
2017,1024,16,2,2,-4
2018,1024,16,2,2,-3
2019,1024,16,2,2,-2
2020,1024,16,2,3,-4
2021,1024,16,2,3,-3
2022,1024,16,2,3,-2
2023,1024,16,2,4,-4
2024,1024,16,2,4,-3
2025,1024,16,2,4,-2
2026,1024,16,2,5,-4
2027,1024,16,2,5,-3
2028,1024,16,2,5,-2
2029,1024,16,3,2,-4
2030,1024,16,3,2,-3
2031,1024,16,3,2,-2
2032,1024,16,3,3,-4
2033,1024,16,3,3,-3
2034,1024,16,3,3,-2
2035,1024,16,3,4,-4
2036,1024,16,3,4,-3
2037,1024,16,3,4,-2
2038,1024,16,3,5,-4
2039,1024,16,3,5,-3
2040,1024,16,3,5,-2
2041,1024,16,4,2,-4
2042,1024,16,4,2,-3
2043,1024,16,4,2,-2
2044,1024,16,4,3,-4
2045,1024,16,4,3,-3
2046,1024,16,4,3,-2
2047,1024,16,4,4,-4
2048,1024,16,4,4,-3
2049,1024,16,4,4,-2
2050,1024,16,4,5,-4
2051,1024,16,4,5,-3
2052,1024,16,4,5,-2
2053,1024,16,5,2,-4
2054,1024,16,5,2,-3
2055,1024,16,5,2,-2
2056,1024,16,5,3,-4
2057,1024,16,5,3,-3
2058,1024,16,5,3,-2
2059,1024,16,5,4,-4
2060,1024,16,5,4,-3
2061,1024,16,5,4,-2
2062,1024,16,5,5,-4
2063,1024,16,5,5,-3
2064,1024,16,5,5,-2
2065,1024,32,2,2,-4
2066,1024,32,2,2,-3
2067,1024,32,2,2,-2
2068,1024,32,2,3,-4
2069,1024,32,2,3,-3
2070,1024,32,2,3,-2
2071,1024,32,2,4,-4
2072,1024,32,2,4,-3
2073,1024,32,2,4,-2
2074,1024,32,2,5,-4
2075,1024,32,2,5,-3
2076,1024,32,2,5,-2
2077,1024,32,3,2,-4
2078,1024,32,3,2,-3
2079,1024,32,3,2,-2
2080,1024,32,3,3,-4
2081,1024,32,3,3,-3
2082,1024,32,3,3,-2
2083,1024,32,3,4,-4
2084,1024,32,3,4,-3
2085,1024,32,3,4,-2
2086,1024,32,3,5,-4
2087,1024,32,3,5,-3
2088,1024,32,3,5,-2
2089,1024,32,4,2,-4
2090,1024,32,4,2,-3
2091,1024,32,4,2,-2
2092,1024,32,4,3,-4
2093,1024,32,4,3,-3
2094,1024,32,4,3,-2
2095,1024,32,4,4,-4
2096,1024,32,4,4,-3
2097,1024,32,4,4,-2
2098,1024,32,4,5,-4
2099,1024,32,4,5,-3
2100,1024,32,4,5,-2
2101,1024,32,5,2,-4
2102,1024,32,5,2,-3
2103,1024,32,5,2,-2
2104,1024,32,5,3,-4
2105,1024,32,5,3,-3
2106,1024,32,5,3,-2
2107,1024,32,5,4,-4
2108,1024,32,5,4,-3
2109,1024,32,5,4,-2
2110,1024,32,5,5,-4
2111,1024,32,5,5,-3
2112,1024,32,5,5,-2
2113,1024,64,2,2,-4
2114,1024,64,2,2,-3
2115,1024,64,2,2,-2
2116,1024,64,2,3,-4
2117,1024,64,2,3,-3
2118,1024,64,2,3,-2
2119,1024,64,2,4,-4
2120,1024,64,2,4,-3
2121,1024,64,2,4,-2
2122,1024,64,2,5,-4
2123,1024,64,2,5,-3
2124,1024,64,2,5,-2
2125,1024,64,3,2,-4
2126,1024,64,3,2,-3
2127,1024,64,3,2,-2
2128,1024,64,3,3,-4
2129,1024,64,3,3,-3
2130,1024,64,3,3,-2
2131,1024,64,3,4,-4
2132,1024,64,3,4,-3
2133,1024,64,3,4,-2
2134,1024,64,3,5,-4
2135,1024,64,3,5,-3
2136,1024,64,3,5,-2
2137,1024,64,4,2,-4
2138,1024,64,4,2,-3
2139,1024,64,4,2,-2
2140,1024,64,4,3,-4
2141,1024,64,4,3,-3
2142,1024,64,4,3,-2
2143,1024,64,4,4,-4
2144,1024,64,4,4,-3
2145,1024,64,4,4,-2
2146,1024,64,4,5,-4
2147,1024,64,4,5,-3
2148,1024,64,4,5,-2
2149,1024,64,5,2,-4
2150,1024,64,5,2,-3
2151,1024,64,5,2,-2
2152,1024,64,5,3,-4
2153,1024,64,5,3,-3
2154,1024,64,5,3,-2
2155,1024,64,5,4,-4
2156,1024,64,5,4,-3
2157,1024,64,5,4,-2
2158,1024,64,5,5,-4
2159,1024,64,5,5,-3
2160,1024,64,5,5,-2
2161,1024,128,2,2,-4
2162,1024,128,2,2,-3
2163,1024,128,2,2,-2
2164,1024,128,2,3,-4
2165,1024,128,2,3,-3
2166,1024,128,2,3,-2
2167,1024,128,2,4,-4
2168,1024,128,2,4,-3
2169,1024,128,2,4,-2
2170,1024,128,2,5,-4
2171,1024,128,2,5,-3
2172,1024,128,2,5,-2
2173,1024,128,3,2,-4
2174,1024,128,3,2,-3
2175,1024,128,3,2,-2
2176,1024,128,3,3,-4
2177,1024,128,3,3,-3
2178,1024,128,3,3,-2
2179,1024,128,3,4,-4
2180,1024,128,3,4,-3
2181,1024,128,3,4,-2
2182,1024,128,3,5,-4
2183,1024,128,3,5,-3
2184,1024,128,3,5,-2
2185,1024,128,4,2,-4
2186,1024,128,4,2,-3
2187,1024,128,4,2,-2
2188,1024,128,4,3,-4
2189,1024,128,4,3,-3
2190,1024,128,4,3,-2
2191,1024,128,4,4,-4
2192,1024,128,4,4,-3
2193,1024,128,4,4,-2
2194,1024,128,4,5,-4
2195,1024,128,4,5,-3
2196,1024,128,4,5,-2
2197,1024,128,5,2,-4
2198,1024,128,5,2,-3
2199,1024,128,5,2,-2
2200,1024,128,5,3,-4
2201,1024,128,5,3,-3
2202,1024,128,5,3,-2
2203,1024,128,5,4,-4
2204,1024,128,5,4,-3
2205,1024,128,5,4,-2
2206,1024,128,5,5,-4
2207,1024,128,5,5,-3
2208,1024,128,5,5,-2
2209,1024,256,2,2,-4
2210,1024,256,2,2,-3
2211,1024,256,2,2,-2
2212,1024,256,2,3,-4
2213,1024,256,2,3,-3
2214,1024,256,2,3,-2
2215,1024,256,2,4,-4
2216,1024,256,2,4,-3
2217,1024,256,2,4,-2
2218,1024,256,2,5,-4
2219,1024,256,2,5,-3
2220,1024,256,2,5,-2
2221,1024,256,3,2,-4
2222,1024,256,3,2,-3
2223,1024,256,3,2,-2
2224,1024,256,3,3,-4
2225,1024,256,3,3,-3
2226,1024,256,3,3,-2
2227,1024,256,3,4,-4
2228,1024,256,3,4,-3
2229,1024,256,3,4,-2
2230,1024,256,3,5,-4
2231,1024,256,3,5,-3
2232,1024,256,3,5,-2
2233,1024,256,4,2,-4
2234,1024,256,4,2,-3
2235,1024,256,4,2,-2
2236,1024,256,4,3,-4
2237,1024,256,4,3,-3
2238,1024,256,4,3,-2
2239,1024,256,4,4,-4
2240,1024,256,4,4,-3
2241,1024,256,4,4,-2
2242,1024,256,4,5,-4
2243,1024,256,4,5,-3
2244,1024,256,4,5,-2
2245,1024,256,5,2,-4
2246,1024,256,5,2,-3
2247,1024,256,5,2,-2
2248,1024,256,5,3,-4
2249,1024,256,5,3,-3
2250,1024,256,5,3,-2
2251,1024,256,5,4,-4
2252,1024,256,5,4,-3
2253,1024,256,5,4,-2
2254,1024,256,5,5,-4
2255,1024,256,5,5,-3
2256,1024,256,5,5,-2
2257,1024,512,2,2,-4
2258,1024,512,2,2,-3
2259,1024,512,2,2,-2
2260,1024,512,2,3,-4
2261,1024,512,2,3,-3
2262,1024,512,2,3,-2
2263,1024,512,2,4,-4
2264,1024,512,2,4,-3
2265,1024,512,2,4,-2
2266,1024,512,2,5,-4
2267,1024,512,2,5,-3
2268,1024,512,2,5,-2
2269,1024,512,3,2,-4
2270,1024,512,3,2,-3
2271,1024,512,3,2,-2
2272,1024,512,3,3,-4
2273,1024,512,3,3,-3
2274,1024,512,3,3,-2
2275,1024,512,3,4,-4
2276,1024,512,3,4,-3
2277,1024,512,3,4,-2
2278,1024,512,3,5,-4
2279,1024,512,3,5,-3
2280,1024,512,3,5,-2
2281,1024,512,4,2,-4
2282,1024,512,4,2,-3
2283,1024,512,4,2,-2
2284,1024,512,4,3,-4
2285,1024,512,4,3,-3
2286,1024,512,4,3,-2
2287,1024,512,4,4,-4
2288,1024,512,4,4,-3
2289,1024,512,4,4,-2
2290,1024,512,4,5,-4
2291,1024,512,4,5,-3
2292,1024,512,4,5,-2
2293,1024,512,5,2,-4
2294,1024,512,5,2,-3
2295,1024,512,5,2,-2
2296,1024,512,5,3,-4
2297,1024,512,5,3,-3
2298,1024,512,5,3,-2
2299,1024,512,5,4,-4
2300,1024,512,5,4,-3
2301,1024,512,5,4,-2
2302,1024,512,5,5,-4
2303,1024,512,5,5,-3
2304,1024,512,5,5,-2
2305,1024,1024,2,2,-4
2306,1024,1024,2,2,-3
2307,1024,1024,2,2,-2
2308,1024,1024,2,3,-4
2309,1024,1024,2,3,-3
2310,1024,1024,2,3,-2
2311,1024,1024,2,4,-4
2312,1024,1024,2,4,-3
2313,1024,1024,2,4,-2
2314,1024,1024,2,5,-4
2315,1024,1024,2,5,-3
2316,1024,1024,2,5,-2
2317,1024,1024,3,2,-4
2318,1024,1024,3,2,-3
2319,1024,1024,3,2,-2
2320,1024,1024,3,3,-4
2321,1024,1024,3,3,-3
2322,1024,1024,3,3,-2
2323,1024,1024,3,4,-4
2324,1024,1024,3,4,-3
2325,1024,1024,3,4,-2
2326,1024,1024,3,5,-4
2327,1024,1024,3,5,-3
2328,1024,1024,3,5,-2
2329,1024,1024,4,2,-4
2330,1024,1024,4,2,-3
2331,1024,1024,4,2,-2
2332,1024,1024,4,3,-4
2333,1024,1024,4,3,-3
2334,1024,1024,4,3,-2
2335,1024,1024,4,4,-4
2336,1024,1024,4,4,-3
2337,1024,1024,4,4,-2
2338,1024,1024,4,5,-4
2339,1024,1024,4,5,-3
2340,1024,1024,4,5,-2
2341,1024,1024,5,2,-4
2342,1024,1024,5,2,-3
2343,1024,1024,5,2,-2
2344,1024,1024,5,3,-4
2345,1024,1024,5,3,-3
2346,1024,1024,5,3,-2
2347,1024,1024,5,4,-4
2348,1024,1024,5,4,-3
2349,1024,1024,5,4,-2
2350,1024,1024,5,5,-4
2351,1024,1024,5,5,-3
2352,1024,1024,5,5,-2
